Campaign,Keyword,Criterion Type
OPP-Sok-Norge,kurs,Campaign Negative Broad
OPP-Sok-Norge,utdanning,Campaign Negative Broad
OPP-Sok-Norge,opplæring,Campaign Negative Broad
OPP-Sok-Norge,jobb,Campaign Negative Broad
OPP-Sok-Norge,stilling,Campaign Negative Broad
OPP-Sok-Norge,ledig,Campaign Negative Broad
OPP-Sok-Norge,lønn,Campaign Negative Broad
OPP-Sok-Norge,praksis,Campaign Negative Broad
OPP-Sok-Norge,lærling,Campaign Negative Broad
OPP-Sok-Norge,student,Campaign Negative Broad
OPP-Sok-Norge,tutorial,Campaign Negative Broad
OPP-Sok-Norge,mal,Campaign Negative Broad
OPP-Sok-Norge,maler,Campaign Negative Broad
OPP-Sok-Norge,tema,Campaign Negative Broad
OPP-Sok-Norge,webhotell,Campaign Negative Broad
OPP-Sok-Norge,hosting,Campaign Negative Broad
OPP-Sok-Norge,domene,Campaign Negative Broad
OPP-Sok-Norge,ansette,Campaign Negative Broad
OPP-Sok-Norge,frilanser,Campaign Negative Broad
OPP-Sok-Norge,freelancer,Campaign Negative Broad
OPP-Sok-Norge,html,Campaign Negative Broad
OPP-Sok-Norge,css,Campaign Negative Broad
OPP-Sok-Norge,javascript,Campaign Negative Broad
OPP-Sok-Norge,programmering,Campaign Negative Broad
OPP-Sok-Norge,wix,Campaign Negative Broad
OPP-Sok-Norge,squarespace,Campaign Negative Broad
OPP-Sok-Norge,shopify,Campaign Negative Broad
OPP-Sok-Norge,wordpress,Campaign Negative Broad
OPP-Sok-Norge,gratis nettside,Campaign Negative Phrase
OPP-Sok-Norge,gratis hjemmeside,Campaign Negative Phrase
OPP-Sok-Norge,nettside gratis,Campaign Negative Phrase
OPP-Sok-Norge,lage nettside selv,Campaign Negative Phrase
OPP-Sok-Norge,lage hjemmeside selv,Campaign Negative Phrase
OPP-Sok-Norge,bygge nettside selv,Campaign Negative Phrase
OPP-Sok-Norge,hvordan lage nettside,Campaign Negative Phrase
OPP-Sok-Norge,hvordan lage hjemmeside,Campaign Negative Phrase
OPP-Sok-Norge,nettside ai generator,Campaign Negative Phrase
